dataset,record_name,edf_path,json_path,source,created_utc
,,,,,2025-09-22T05:28:56.796620+00:00
dataset1,S001a,recordings/public/SSVEP_MAMEM/edf/dataset1/S001a.edf,recordings/public/SSVEP_MAMEM/sidecar_json/dataset1/S001a.json,https://physionet.org/files/mssvepdb/1.0.0/dataset1/S001a.dat,2025-10-09T04:05:24.038697+00:00
dataset1,S001b,recordings/public/SSVEP_MAMEM/edf/dataset1/S001b.edf,recordings/public/SSVEP_MAMEM/sidecar_json/dataset1/S001b.json,https://physionet.org/files/mssvepdb/1.0.0/dataset1/S001b.dat,2025-10-09T04:05:26.706572+00:00
dataset1,S001c,recordings/public/SSVEP_MAMEM/edf/dataset1/S001c.edf,recordings/public/SSVEP_MAMEM/sidecar_json/dataset1/S001c.json,https://physionet.org/files/mssvepdb/1.0.0/dataset1/S001c.dat,2025-10-09T04:05:29.098990+00:00
dataset1,S002a,recordings/public/SSVEP_MAMEM/edf/dataset1/S002a.edf,recordings/public/SSVEP_MAMEM/sidecar_json/dataset1/S002a.json,https://physionet.org/files/mssvepdb/1.0.0/dataset1/S002a.dat,2025-10-09T04:05:31.690876+00:00
dataset1,S002b,recordings/public/SSVEP_MAMEM/edf/dataset1/S002b.edf,recordings/public/SSVEP_MAMEM/sidecar_json/dataset1/S002b.json,https://physionet.org/files/mssvepdb/1.0.0/dataset1/S002b.dat,2025-10-09T04:05:34.138583+00:00
dataset1,S002c,recordings/public/SSVEP_MAMEM/edf/dataset1/S002c.edf,recordings/public/SSVEP_MAMEM/sidecar_json/dataset1/S002c.json,https://physionet.org/files/mssvepdb/1.0.0/dataset1/S002c.dat,2025-10-09T04:05:36.587633+00:00
dataset1,S002d,recordings/public/SSVEP_MAMEM/edf/dataset1/S002d.edf,recordings/public/SSVEP_MAMEM/sidecar_json/dataset1/S002d.json,https://physionet.org/files/mssvepdb/1.0.0/dataset1/S002d.dat,2025-10-09T04:05:38.822723+00:00
dataset1,S002e,recordings/public/SSVEP_MAMEM/edf/dataset1/S002e.edf,recordings/public/SSVEP_MAMEM/sidecar_json/dataset1/S002e.json,https://physionet.org/files/mssvepdb/1.0.0/dataset1/S002e.dat,2025-10-09T04:05:41.092218+00:00
dataset1,S003a,recordings/public/SSVEP_MAMEM/edf/dataset1/S003a.edf,recordings/public/SSVEP_MAMEM/sidecar_json/dataset1/S003a.json,https://physionet.org/files/mssvepdb/1.0.0/dataset1/S003a.dat,2025-10-09T04:05:43.975270+00:00
dataset1,S003b,recordings/public/SSVEP_MAMEM/edf/dataset1/S003b.edf,recordings/public/SSVEP_MAMEM/sidecar_json/dataset1/S003b.json,https://physionet.org/files/mssvepdb/1.0.0/dataset1/S003b.dat,2025-10-09T04:05:46.161637+00:00
dataset1,S003c,recordings/public/SSVEP_MAMEM/edf/dataset1/S003c.edf,recordings/public/SSVEP_MAMEM/sidecar_json/dataset1/S003c.json,https://physionet.org/files/mssvepdb/1.0.0/dataset1/S003c.dat,2025-10-09T04:05:48.597412+00:00
dataset1,S004a,recordings/public/SSVEP_MAMEM/edf/dataset1/S004a.edf,recordings/public/SSVEP_MAMEM/sidecar_json/dataset1/S004a.json,https://physionet.org/files/mssvepdb/1.0.0/dataset1/S004a.dat,2025-10-09T04:05:50.805857+00:00
dataset1,S004b,recordings/public/SSVEP_MAMEM/edf/dataset1/S004b.edf,recordings/public/SSVEP_MAMEM/sidecar_json/dataset1/S004b.json,https://physionet.org/files/mssvepdb/1.0.0/dataset1/S004b.dat,2025-10-09T04:05:53.026779+00:00
dataset1,S004c,recordings/public/SSVEP_MAMEM/edf/dataset1/S004c.edf,recordings/public/SSVEP_MAMEM/sidecar_json/dataset1/S004c.json,https://physionet.org/files/mssvepdb/1.0.0/dataset1/S004c.dat,2025-10-09T04:05:55.285612+00:00
dataset1,S004d,recordings/public/SSVEP_MAMEM/edf/dataset1/S004d.edf,recordings/public/SSVEP_MAMEM/sidecar_json/dataset1/S004d.json,https://physionet.org/files/mssvepdb/1.0.0/dataset1/S004d.dat,2025-10-09T04:05:57.386113+00:00
dataset1,S005a,recordings/public/SSVEP_MAMEM/edf/dataset1/S005a.edf,recordings/public/SSVEP_MAMEM/sidecar_json/dataset1/S005a.json,https://physionet.org/files/mssvepdb/1.0.0/dataset1/S005a.dat,2025-10-09T04:05:59.692087+00:00
dataset1,S005b,recordings/public/SSVEP_MAMEM/edf/dataset1/S005b.edf,recordings/public/SSVEP_MAMEM/sidecar_json/dataset1/S005b.json,https://physionet.org/files/mssvepdb/1.0.0/dataset1/S005b.dat,2025-10-09T04:06:01.853612+00:00
dataset1,S005c,recordings/public/SSVEP_MAMEM/edf/dataset1/S005c.edf,recordings/public/SSVEP_MAMEM/sidecar_json/dataset1/S005c.json,https://physionet.org/files/mssvepdb/1.0.0/dataset1/S005c.dat,2025-10-09T04:06:04.050946+00:00
dataset1,S005d,recordings/public/SSVEP_MAMEM/edf/dataset1/S005d.edf,recordings/public/SSVEP_MAMEM/sidecar_json/dataset1/S005d.json,https://physionet.org/files/mssvepdb/1.0.0/dataset1/S005d.dat,2025-10-09T04:06:06.671012+00:00
dataset1,S005e,recordings/public/SSVEP_MAMEM/edf/dataset1/S005e.edf,recordings/public/SSVEP_MAMEM/sidecar_json/dataset1/S005e.json,https://physionet.org/files/mssvepdb/1.0.0/dataset1/S005e.dat,2025-10-09T04:06:08.893491+00:00
dataset1,S006a,recordings/public/SSVEP_MAMEM/edf/dataset1/S006a.edf,recordings/public/SSVEP_MAMEM/sidecar_json/dataset1/S006a.json,https://physionet.org/files/mssvepdb/1.0.0/dataset1/S006a.dat,2025-10-09T04:06:11.313181+00:00
dataset1,S006b,recordings/public/SSVEP_MAMEM/edf/dataset1/S006b.edf,recordings/public/SSVEP_MAMEM/sidecar_json/dataset1/S006b.json,https://physionet.org/files/mssvepdb/1.0.0/dataset1/S006b.dat,2025-10-09T04:06:13.473672+00:00
dataset1,S006c,recordings/public/SSVEP_MAMEM/edf/dataset1/S006c.edf,recordings/public/SSVEP_MAMEM/sidecar_json/dataset1/S006c.json,https://physionet.org/files/mssvepdb/1.0.0/dataset1/S006c.dat,2025-10-09T04:06:15.669087+00:00
dataset1,S006d,recordings/public/SSVEP_MAMEM/edf/dataset1/S006d.edf,recordings/public/SSVEP_MAMEM/sidecar_json/dataset1/S006d.json,https://physionet.org/files/mssvepdb/1.0.0/dataset1/S006d.dat,2025-10-09T04:06:18.285690+00:00
dataset1,S006e,recordings/public/SSVEP_MAMEM/edf/dataset1/S006e.edf,recordings/public/SSVEP_MAMEM/sidecar_json/dataset1/S006e.json,https://physionet.org/files/mssvepdb/1.0.0/dataset1/S006e.dat,2025-10-09T04:06:20.545260+00:00
dataset1,S007a,recordings/public/SSVEP_MAMEM/edf/dataset1/S007a.edf,recordings/public/SSVEP_MAMEM/sidecar_json/dataset1/S007a.json,https://physionet.org/files/mssvepdb/1.0.0/dataset1/S007a.dat,2025-10-09T04:06:23.032683+00:00
dataset1,S007b,recordings/public/SSVEP_MAMEM/edf/dataset1/S007b.edf,recordings/public/SSVEP_MAMEM/sidecar_json/dataset1/S007b.json,https://physionet.org/files/mssvepdb/1.0.0/dataset1/S007b.dat,2025-10-09T04:06:25.161257+00:00
dataset1,S007c,recordings/public/SSVEP_MAMEM/edf/dataset1/S007c.edf,recordings/public/SSVEP_MAMEM/sidecar_json/dataset1/S007c.json,https://physionet.org/files/mssvepdb/1.0.0/dataset1/S007c.dat,2025-10-09T04:06:29.133626+00:00
dataset1,S007d,recordings/public/SSVEP_MAMEM/edf/dataset1/S007d.edf,recordings/public/SSVEP_MAMEM/sidecar_json/dataset1/S007d.json,https://physionet.org/files/mssvepdb/1.0.0/dataset1/S007d.dat,2025-10-09T04:06:31.364451+00:00
dataset1,S007e,recordings/public/SSVEP_MAMEM/edf/dataset1/S007e.edf,recordings/public/SSVEP_MAMEM/sidecar_json/dataset1/S007e.json,https://physionet.org/files/mssvepdb/1.0.0/dataset1/S007e.dat,2025-10-09T04:06:33.618121+00:00
dataset1,S008a,recordings/public/SSVEP_MAMEM/edf/dataset1/S008a.edf,recordings/public/SSVEP_MAMEM/sidecar_json/dataset1/S008a.json,https://physionet.org/files/mssvepdb/1.0.0/dataset1/S008a.dat,2025-10-09T04:06:36.023982+00:00
dataset1,S008b,recordings/public/SSVEP_MAMEM/edf/dataset1/S008b.edf,recordings/public/SSVEP_MAMEM/sidecar_json/dataset1/S008b.json,https://physionet.org/files/mssvepdb/1.0.0/dataset1/S008b.dat,2025-10-09T04:06:38.074639+00:00
dataset1,S008c,recordings/public/SSVEP_MAMEM/edf/dataset1/S008c.edf,recordings/public/SSVEP_MAMEM/sidecar_json/dataset1/S008c.json,https://physionet.org/files/mssvepdb/1.0.0/dataset1/S008c.dat,2025-10-09T04:06:40.372928+00:00
dataset1,S009a,recordings/public/SSVEP_MAMEM/edf/dataset1/S009a.edf,recordings/public/SSVEP_MAMEM/sidecar_json/dataset1/S009a.json,https://physionet.org/files/mssvepdb/1.0.0/dataset1/S009a.dat,2025-10-09T04:06:42.617498+00:00
dataset1,S009b,recordings/public/SSVEP_MAMEM/edf/dataset1/S009b.edf,recordings/public/SSVEP_MAMEM/sidecar_json/dataset1/S009b.json,https://physionet.org/files/mssvepdb/1.0.0/dataset1/S009b.dat,2025-10-09T04:06:44.858640+00:00
dataset1,S009c,recordings/public/SSVEP_MAMEM/edf/dataset1/S009c.edf,recordings/public/SSVEP_MAMEM/sidecar_json/dataset1/S009c.json,https://physionet.org/files/mssvepdb/1.0.0/dataset1/S009c.dat,2025-10-09T04:06:47.187880+00:00
dataset1,S009d,recordings/public/SSVEP_MAMEM/edf/dataset1/S009d.edf,recordings/public/SSVEP_MAMEM/sidecar_json/dataset1/S009d.json,https://physionet.org/files/mssvepdb/1.0.0/dataset1/S009d.dat,2025-10-09T04:06:49.478616+00:00
dataset1,S009e,recordings/public/SSVEP_MAMEM/edf/dataset1/S009e.edf,recordings/public/SSVEP_MAMEM/sidecar_json/dataset1/S009e.json,https://physionet.org/files/mssvepdb/1.0.0/dataset1/S009e.dat,2025-10-09T04:06:51.798465+00:00
dataset1,S010a,recordings/public/SSVEP_MAMEM/edf/dataset1/S010a.edf,recordings/public/SSVEP_MAMEM/sidecar_json/dataset1/S010a.json,https://physionet.org/files/mssvepdb/1.0.0/dataset1/S010a.dat,2025-10-09T04:06:54.049567+00:00
dataset1,S010b,recordings/public/SSVEP_MAMEM/edf/dataset1/S010b.edf,recordings/public/SSVEP_MAMEM/sidecar_json/dataset1/S010b.json,https://physionet.org/files/mssvepdb/1.0.0/dataset1/S010b.dat,2025-10-09T04:06:56.350933+00:00
dataset1,S010c,recordings/public/SSVEP_MAMEM/edf/dataset1/S010c.edf,recordings/public/SSVEP_MAMEM/sidecar_json/dataset1/S010c.json,https://physionet.org/files/mssvepdb/1.0.0/dataset1/S010c.dat,2025-10-09T04:06:58.669484+00:00
dataset1,S010d,recordings/public/SSVEP_MAMEM/edf/dataset1/S010d.edf,recordings/public/SSVEP_MAMEM/sidecar_json/dataset1/S010d.json,https://physionet.org/files/mssvepdb/1.0.0/dataset1/S010d.dat,2025-10-09T04:07:00.878248+00:00
dataset1,S010e,recordings/public/SSVEP_MAMEM/edf/dataset1/S010e.edf,recordings/public/SSVEP_MAMEM/sidecar_json/dataset1/S010e.json,https://physionet.org/files/mssvepdb/1.0.0/dataset1/S010e.dat,2025-10-09T04:07:03.189131+00:00
dataset1,S011a,recordings/public/SSVEP_MAMEM/edf/dataset1/S011a.edf,recordings/public/SSVEP_MAMEM/sidecar_json/dataset1/S011a.json,https://physionet.org/files/mssvepdb/1.0.0/dataset1/S011a.dat,2025-10-09T04:07:05.424109+00:00
dataset1,S011b,recordings/public/SSVEP_MAMEM/edf/dataset1/S011b.edf,recordings/public/SSVEP_MAMEM/sidecar_json/dataset1/S011b.json,https://physionet.org/files/mssvepdb/1.0.0/dataset1/S011b.dat,2025-10-09T04:07:07.587497+00:00
dataset1,S011c,recordings/public/SSVEP_MAMEM/edf/dataset1/S011c.edf,recordings/public/SSVEP_MAMEM/sidecar_json/dataset1/S011c.json,https://physionet.org/files/mssvepdb/1.0.0/dataset1/S011c.dat,2025-10-09T04:07:09.971116+00:00
dataset1,S011d,recordings/public/SSVEP_MAMEM/edf/dataset1/S011d.edf,recordings/public/SSVEP_MAMEM/sidecar_json/dataset1/S011d.json,https://physionet.org/files/mssvepdb/1.0.0/dataset1/S011d.dat,2025-10-09T04:07:12.078334+00:00
dataset1,S011e,recordings/public/SSVEP_MAMEM/edf/dataset1/S011e.edf,recordings/public/SSVEP_MAMEM/sidecar_json/dataset1/S011e.json,https://physionet.org/files/mssvepdb/1.0.0/dataset1/S011e.dat,2025-10-09T04:07:14.499773+00:00
dataset2,T001a,recordings/public/SSVEP_MAMEM/edf/dataset2/T001a.edf,recordings/public/SSVEP_MAMEM/sidecar_json/dataset2/T001a.json,https://physionet.org/files/mssvepdb/1.0.0/dataset2/T001a.dat,2025-10-09T04:09:43.347469+00:00
dataset2,T001b,recordings/public/SSVEP_MAMEM/edf/dataset2/T001b.edf,recordings/public/SSVEP_MAMEM/sidecar_json/dataset2/T001b.json,https://physionet.org/files/mssvepdb/1.0.0/dataset2/T001b.dat,2025-10-09T04:09:44.855553+00:00
dataset2,T001c,recordings/public/SSVEP_MAMEM/edf/dataset2/T001c.edf,recordings/public/SSVEP_MAMEM/sidecar_json/dataset2/T001c.json,https://physionet.org/files/mssvepdb/1.0.0/dataset2/T001c.dat,2025-10-09T04:09:46.508300+00:00
dataset2,T001d,recordings/public/SSVEP_MAMEM/edf/dataset2/T001d.edf,recordings/public/SSVEP_MAMEM/sidecar_json/dataset2/T001d.json,https://physionet.org/files/mssvepdb/1.0.0/dataset2/T001d.dat,2025-10-09T04:09:48.145128+00:00
dataset2,T001e,recordings/public/SSVEP_MAMEM/edf/dataset2/T001e.edf,recordings/public/SSVEP_MAMEM/sidecar_json/dataset2/T001e.json,https://physionet.org/files/mssvepdb/1.0.0/dataset2/T001e.dat,2025-10-09T04:09:49.746936+00:00
dataset2,T001x,recordings/public/SSVEP_MAMEM/edf/dataset2/T001x.edf,recordings/public/SSVEP_MAMEM/sidecar_json/dataset2/T001x.json,https://physionet.org/files/mssvepdb/1.0.0/dataset2/T001x.dat,2025-10-09T04:09:50.347513+00:00
dataset2,T002a,recordings/public/SSVEP_MAMEM/edf/dataset2/T002a.edf,recordings/public/SSVEP_MAMEM/sidecar_json/dataset2/T002a.json,https://physionet.org/files/mssvepdb/1.0.0/dataset2/T002a.dat,2025-10-09T04:09:52.246379+00:00
dataset2,T002b,recordings/public/SSVEP_MAMEM/edf/dataset2/T002b.edf,recordings/public/SSVEP_MAMEM/sidecar_json/dataset2/T002b.json,https://physionet.org/files/mssvepdb/1.0.0/dataset2/T002b.dat,2025-10-09T04:09:54.463084+00:00
dataset2,T002c,recordings/public/SSVEP_MAMEM/edf/dataset2/T002c.edf,recordings/public/SSVEP_MAMEM/sidecar_json/dataset2/T002c.json,https://physionet.org/files/mssvepdb/1.0.0/dataset2/T002c.dat,2025-10-09T04:09:56.217686+00:00
dataset2,T002d,recordings/public/SSVEP_MAMEM/edf/dataset2/T002d.edf,recordings/public/SSVEP_MAMEM/sidecar_json/dataset2/T002d.json,https://physionet.org/files/mssvepdb/1.0.0/dataset2/T002d.dat,2025-10-09T04:09:57.791980+00:00
dataset2,T002e,recordings/public/SSVEP_MAMEM/edf/dataset2/T002e.edf,recordings/public/SSVEP_MAMEM/sidecar_json/dataset2/T002e.json,https://physionet.org/files/mssvepdb/1.0.0/dataset2/T002e.dat,2025-10-09T04:09:59.520368+00:00
dataset2,T002x,recordings/public/SSVEP_MAMEM/edf/dataset2/T002x.edf,recordings/public/SSVEP_MAMEM/sidecar_json/dataset2/T002x.json,https://physionet.org/files/mssvepdb/1.0.0/dataset2/T002x.dat,2025-10-09T04:10:00.206938+00:00
dataset2,T003a,recordings/public/SSVEP_MAMEM/edf/dataset2/T003a.edf,recordings/public/SSVEP_MAMEM/sidecar_json/dataset2/T003a.json,https://physionet.org/files/mssvepdb/1.0.0/dataset2/T003a.dat,2025-10-09T04:10:01.693166+00:00
dataset2,T003b,recordings/public/SSVEP_MAMEM/edf/dataset2/T003b.edf,recordings/public/SSVEP_MAMEM/sidecar_json/dataset2/T003b.json,https://physionet.org/files/mssvepdb/1.0.0/dataset2/T003b.dat,2025-10-09T04:10:03.424915+00:00
dataset2,T003c,recordings/public/SSVEP_MAMEM/edf/dataset2/T003c.edf,recordings/public/SSVEP_MAMEM/sidecar_json/dataset2/T003c.json,https://physionet.org/files/mssvepdb/1.0.0/dataset2/T003c.dat,2025-10-09T04:10:05.029779+00:00
dataset2,T003d,recordings/public/SSVEP_MAMEM/edf/dataset2/T003d.edf,recordings/public/SSVEP_MAMEM/sidecar_json/dataset2/T003d.json,https://physionet.org/files/mssvepdb/1.0.0/dataset2/T003d.dat,2025-10-09T04:10:06.726054+00:00
dataset2,T003e,recordings/public/SSVEP_MAMEM/edf/dataset2/T003e.edf,recordings/public/SSVEP_MAMEM/sidecar_json/dataset2/T003e.json,https://physionet.org/files/mssvepdb/1.0.0/dataset2/T003e.dat,2025-10-09T04:10:08.297727+00:00
dataset2,T003x,recordings/public/SSVEP_MAMEM/edf/dataset2/T003x.edf,recordings/public/SSVEP_MAMEM/sidecar_json/dataset2/T003x.json,https://physionet.org/files/mssvepdb/1.0.0/dataset2/T003x.dat,2025-10-09T04:10:08.887302+00:00
dataset2,T004a,recordings/public/SSVEP_MAMEM/edf/dataset2/T004a.edf,recordings/public/SSVEP_MAMEM/sidecar_json/dataset2/T004a.json,https://physionet.org/files/mssvepdb/1.0.0/dataset2/T004a.dat,2025-10-09T04:10:10.433466+00:00
dataset2,T004b,recordings/public/SSVEP_MAMEM/edf/dataset2/T004b.edf,recordings/public/SSVEP_MAMEM/sidecar_json/dataset2/T004b.json,https://physionet.org/files/mssvepdb/1.0.0/dataset2/T004b.dat,2025-10-09T04:10:12.078841+00:00
dataset2,T004c,recordings/public/SSVEP_MAMEM/edf/dataset2/T004c.edf,recordings/public/SSVEP_MAMEM/sidecar_json/dataset2/T004c.json,https://physionet.org/files/mssvepdb/1.0.0/dataset2/T004c.dat,2025-10-09T04:10:13.588387+00:00
dataset2,T004d,recordings/public/SSVEP_MAMEM/edf/dataset2/T004d.edf,recordings/public/SSVEP_MAMEM/sidecar_json/dataset2/T004d.json,https://physionet.org/files/mssvepdb/1.0.0/dataset2/T004d.dat,2025-10-09T04:10:15.314397+00:00
dataset2,T004e,recordings/public/SSVEP_MAMEM/edf/dataset2/T004e.edf,recordings/public/SSVEP_MAMEM/sidecar_json/dataset2/T004e.json,https://physionet.org/files/mssvepdb/1.0.0/dataset2/T004e.dat,2025-10-09T04:10:16.957673+00:00
dataset2,T004x,recordings/public/SSVEP_MAMEM/edf/dataset2/T004x.edf,recordings/public/SSVEP_MAMEM/sidecar_json/dataset2/T004x.json,https://physionet.org/files/mssvepdb/1.0.0/dataset2/T004x.dat,2025-10-09T04:10:17.707057+00:00
dataset2,T005a,recordings/public/SSVEP_MAMEM/edf/dataset2/T005a.edf,recordings/public/SSVEP_MAMEM/sidecar_json/dataset2/T005a.json,https://physionet.org/files/mssvepdb/1.0.0/dataset2/T005a.dat,2025-10-09T04:10:19.411855+00:00
dataset2,T005b,recordings/public/SSVEP_MAMEM/edf/dataset2/T005b.edf,recordings/public/SSVEP_MAMEM/sidecar_json/dataset2/T005b.json,https://physionet.org/files/mssvepdb/1.0.0/dataset2/T005b.dat,2025-10-09T04:10:20.982363+00:00
dataset2,T005c,recordings/public/SSVEP_MAMEM/edf/dataset2/T005c.edf,recordings/public/SSVEP_MAMEM/sidecar_json/dataset2/T005c.json,https://physionet.org/files/mssvepdb/1.0.0/dataset2/T005c.dat,2025-10-09T04:10:22.622861+00:00
dataset2,T005d,recordings/public/SSVEP_MAMEM/edf/dataset2/T005d.edf,recordings/public/SSVEP_MAMEM/sidecar_json/dataset2/T005d.json,https://physionet.org/files/mssvepdb/1.0.0/dataset2/T005d.dat,2025-10-09T04:10:24.325433+00:00
dataset2,T005e,recordings/public/SSVEP_MAMEM/edf/dataset2/T005e.edf,recordings/public/SSVEP_MAMEM/sidecar_json/dataset2/T005e.json,https://physionet.org/files/mssvepdb/1.0.0/dataset2/T005e.dat,2025-10-09T04:10:25.909141+00:00
dataset2,T005x,recordings/public/SSVEP_MAMEM/edf/dataset2/T005x.edf,recordings/public/SSVEP_MAMEM/sidecar_json/dataset2/T005x.json,https://physionet.org/files/mssvepdb/1.0.0/dataset2/T005x.dat,2025-10-09T04:10:26.569951+00:00
dataset2,T006a,recordings/public/SSVEP_MAMEM/edf/dataset2/T006a.edf,recordings/public/SSVEP_MAMEM/sidecar_json/dataset2/T006a.json,https://physionet.org/files/mssvepdb/1.0.0/dataset2/T006a.dat,2025-10-09T04:10:28.231928+00:00
dataset2,T006b,recordings/public/SSVEP_MAMEM/edf/dataset2/T006b.edf,recordings/public/SSVEP_MAMEM/sidecar_json/dataset2/T006b.json,https://physionet.org/files/mssvepdb/1.0.0/dataset2/T006b.dat,2025-10-09T04:10:29.790043+00:00
dataset2,T006c,recordings/public/SSVEP_MAMEM/edf/dataset2/T006c.edf,recordings/public/SSVEP_MAMEM/sidecar_json/dataset2/T006c.json,https://physionet.org/files/mssvepdb/1.0.0/dataset2/T006c.dat,2025-10-09T04:10:31.404265+00:00
dataset2,T006d,recordings/public/SSVEP_MAMEM/edf/dataset2/T006d.edf,recordings/public/SSVEP_MAMEM/sidecar_json/dataset2/T006d.json,https://physionet.org/files/mssvepdb/1.0.0/dataset2/T006d.dat,2025-10-09T04:10:33.166710+00:00
dataset2,T006e,recordings/public/SSVEP_MAMEM/edf/dataset2/T006e.edf,recordings/public/SSVEP_MAMEM/sidecar_json/dataset2/T006e.json,https://physionet.org/files/mssvepdb/1.0.0/dataset2/T006e.dat,2025-10-09T04:10:34.830101+00:00
dataset2,T006x,recordings/public/SSVEP_MAMEM/edf/dataset2/T006x.edf,recordings/public/SSVEP_MAMEM/sidecar_json/dataset2/T006x.json,https://physionet.org/files/mssvepdb/1.0.0/dataset2/T006x.dat,2025-10-09T04:10:35.354897+00:00
dataset2,T007a,recordings/public/SSVEP_MAMEM/edf/dataset2/T007a.edf,recordings/public/SSVEP_MAMEM/sidecar_json/dataset2/T007a.json,https://physionet.org/files/mssvepdb/1.0.0/dataset2/T007a.dat,2025-10-09T04:10:37.124770+00:00
dataset2,T007b,recordings/public/SSVEP_MAMEM/edf/dataset2/T007b.edf,recordings/public/SSVEP_MAMEM/sidecar_json/dataset2/T007b.json,https://physionet.org/files/mssvepdb/1.0.0/dataset2/T007b.dat,2025-10-09T04:10:38.752279+00:00
dataset2,T007c,recordings/public/SSVEP_MAMEM/edf/dataset2/T007c.edf,recordings/public/SSVEP_MAMEM/sidecar_json/dataset2/T007c.json,https://physionet.org/files/mssvepdb/1.0.0/dataset2/T007c.dat,2025-10-09T04:10:40.478735+00:00
dataset2,T007d,recordings/public/SSVEP_MAMEM/edf/dataset2/T007d.edf,recordings/public/SSVEP_MAMEM/sidecar_json/dataset2/T007d.json,https://physionet.org/files/mssvepdb/1.0.0/dataset2/T007d.dat,2025-10-09T04:10:42.103819+00:00
dataset2,T007e,recordings/public/SSVEP_MAMEM/edf/dataset2/T007e.edf,recordings/public/SSVEP_MAMEM/sidecar_json/dataset2/T007e.json,https://physionet.org/files/mssvepdb/1.0.0/dataset2/T007e.dat,2025-10-09T04:10:43.691530+00:00
dataset2,T007x,recordings/public/SSVEP_MAMEM/edf/dataset2/T007x.edf,recordings/public/SSVEP_MAMEM/sidecar_json/dataset2/T007x.json,https://physionet.org/files/mssvepdb/1.0.0/dataset2/T007x.dat,2025-10-09T04:10:44.369749+00:00
dataset2,T008a,recordings/public/SSVEP_MAMEM/edf/dataset2/T008a.edf,recordings/public/SSVEP_MAMEM/sidecar_json/dataset2/T008a.json,https://physionet.org/files/mssvepdb/1.0.0/dataset2/T008a.dat,2025-10-09T04:10:46.672853+00:00
dataset2,T008b,recordings/public/SSVEP_MAMEM/edf/dataset2/T008b.edf,recordings/public/SSVEP_MAMEM/sidecar_json/dataset2/T008b.json,https://physionet.org/files/mssvepdb/1.0.0/dataset2/T008b.dat,2025-10-09T04:10:48.227680+00:00
dataset2,T008c,recordings/public/SSVEP_MAMEM/edf/dataset2/T008c.edf,recordings/public/SSVEP_MAMEM/sidecar_json/dataset2/T008c.json,https://physionet.org/files/mssvepdb/1.0.0/dataset2/T008c.dat,2025-10-09T04:10:49.790151+00:00
dataset2,T008d,recordings/public/SSVEP_MAMEM/edf/dataset2/T008d.edf,recordings/public/SSVEP_MAMEM/sidecar_json/dataset2/T008d.json,https://physionet.org/files/mssvepdb/1.0.0/dataset2/T008d.dat,2025-10-09T04:10:51.516305+00:00
dataset2,T008e,recordings/public/SSVEP_MAMEM/edf/dataset2/T008e.edf,recordings/public/SSVEP_MAMEM/sidecar_json/dataset2/T008e.json,https://physionet.org/files/mssvepdb/1.0.0/dataset2/T008e.dat,2025-10-09T04:10:53.095320+00:00
dataset2,T008x,recordings/public/SSVEP_MAMEM/edf/dataset2/T008x.edf,recordings/public/SSVEP_MAMEM/sidecar_json/dataset2/T008x.json,https://physionet.org/files/mssvepdb/1.0.0/dataset2/T008x.dat,2025-10-09T04:10:53.699433+00:00
dataset2,T009a,recordings/public/SSVEP_MAMEM/edf/dataset2/T009a.edf,recordings/public/SSVEP_MAMEM/sidecar_json/dataset2/T009a.json,https://physionet.org/files/mssvepdb/1.0.0/dataset2/T009a.dat,2025-10-09T04:10:55.253357+00:00
dataset2,T009b,recordings/public/SSVEP_MAMEM/edf/dataset2/T009b.edf,recordings/public/SSVEP_MAMEM/sidecar_json/dataset2/T009b.json,https://physionet.org/files/mssvepdb/1.0.0/dataset2/T009b.dat,2025-10-09T04:10:56.942099+00:00
dataset2,T009c,recordings/public/SSVEP_MAMEM/edf/dataset2/T009c.edf,recordings/public/SSVEP_MAMEM/sidecar_json/dataset2/T009c.json,https://physionet.org/files/mssvepdb/1.0.0/dataset2/T009c.dat,2025-10-09T04:10:58.571036+00:00
dataset2,T009d,recordings/public/SSVEP_MAMEM/edf/dataset2/T009d.edf,recordings/public/SSVEP_MAMEM/sidecar_json/dataset2/T009d.json,https://physionet.org/files/mssvepdb/1.0.0/dataset2/T009d.dat,2025-10-09T04:11:00.314889+00:00
dataset2,T009e,recordings/public/SSVEP_MAMEM/edf/dataset2/T009e.edf,recordings/public/SSVEP_MAMEM/sidecar_json/dataset2/T009e.json,https://physionet.org/files/mssvepdb/1.0.0/dataset2/T009e.dat,2025-10-09T04:11:02.038663+00:00
dataset2,T009x,recordings/public/SSVEP_MAMEM/edf/dataset2/T009x.edf,recordings/public/SSVEP_MAMEM/sidecar_json/dataset2/T009x.json,https://physionet.org/files/mssvepdb/1.0.0/dataset2/T009x.dat,2025-10-09T04:11:02.757920+00:00
dataset2,T010a,recordings/public/SSVEP_MAMEM/edf/dataset2/T010a.edf,recordings/public/SSVEP_MAMEM/sidecar_json/dataset2/T010a.json,https://physionet.org/files/mssvepdb/1.0.0/dataset2/T010a.dat,2025-10-09T04:11:04.484996+00:00
dataset2,T010b,recordings/public/SSVEP_MAMEM/edf/dataset2/T010b.edf,recordings/public/SSVEP_MAMEM/sidecar_json/dataset2/T010b.json,https://physionet.org/files/mssvepdb/1.0.0/dataset2/T010b.dat,2025-10-09T04:11:06.000792+00:00
dataset2,T010c,recordings/public/SSVEP_MAMEM/edf/dataset2/T010c.edf,recordings/public/SSVEP_MAMEM/sidecar_json/dataset2/T010c.json,https://physionet.org/files/mssvepdb/1.0.0/dataset2/T010c.dat,2025-10-09T04:11:07.589843+00:00
dataset2,T010d,recordings/public/SSVEP_MAMEM/edf/dataset2/T010d.edf,recordings/public/SSVEP_MAMEM/sidecar_json/dataset2/T010d.json,https://physionet.org/files/mssvepdb/1.0.0/dataset2/T010d.dat,2025-10-09T04:11:09.274717+00:00
dataset2,T010e,recordings/public/SSVEP_MAMEM/edf/dataset2/T010e.edf,recordings/public/SSVEP_MAMEM/sidecar_json/dataset2/T010e.json,https://physionet.org/files/mssvepdb/1.0.0/dataset2/T010e.dat,2025-10-09T04:11:10.826944+00:00
dataset2,T010x,recordings/public/SSVEP_MAMEM/edf/dataset2/T010x.edf,recordings/public/SSVEP_MAMEM/sidecar_json/dataset2/T010x.json,https://physionet.org/files/mssvepdb/1.0.0/dataset2/T010x.dat,2025-10-09T04:11:11.527060+00:00
dataset2,T011a,recordings/public/SSVEP_MAMEM/edf/dataset2/T011a.edf,recordings/public/SSVEP_MAMEM/sidecar_json/dataset2/T011a.json,https://physionet.org/files/mssvepdb/1.0.0/dataset2/T011a.dat,2025-10-09T04:11:13.250812+00:00
dataset2,T011b,recordings/public/SSVEP_MAMEM/edf/dataset2/T011b.edf,recordings/public/SSVEP_MAMEM/sidecar_json/dataset2/T011b.json,https://physionet.org/files/mssvepdb/1.0.0/dataset2/T011b.dat,2025-10-09T04:11:14.973120+00:00
dataset2,T011c,recordings/public/SSVEP_MAMEM/edf/dataset2/T011c.edf,recordings/public/SSVEP_MAMEM/sidecar_json/dataset2/T011c.json,https://physionet.org/files/mssvepdb/1.0.0/dataset2/T011c.dat,2025-10-09T04:11:16.752080+00:00
dataset2,T011d,recordings/public/SSVEP_MAMEM/edf/dataset2/T011d.edf,recordings/public/SSVEP_MAMEM/sidecar_json/dataset2/T011d.json,https://physionet.org/files/mssvepdb/1.0.0/dataset2/T011d.dat,2025-10-09T04:11:18.431635+00:00
dataset2,T011e,recordings/public/SSVEP_MAMEM/edf/dataset2/T011e.edf,recordings/public/SSVEP_MAMEM/sidecar_json/dataset2/T011e.json,https://physionet.org/files/mssvepdb/1.0.0/dataset2/T011e.dat,2025-10-09T04:11:20.210245+00:00
dataset2,T011x,recordings/public/SSVEP_MAMEM/edf/dataset2/T011x.edf,recordings/public/SSVEP_MAMEM/sidecar_json/dataset2/T011x.json,https://physionet.org/files/mssvepdb/1.0.0/dataset2/T011x.dat,2025-10-09T04:11:20.843187+00:00
dataset3,U001ai,recordings/public/SSVEP_MAMEM/edf/dataset3/U001ai.edf,recordings/public/SSVEP_MAMEM/sidecar_json/dataset3/U001ai.json,https://physionet.org/files/mssvepdb/1.0.0/dataset3/U001ai.dat,2025-10-09T04:11:42.045662+00:00
dataset3,U001aii,recordings/public/SSVEP_MAMEM/edf/dataset3/U001aii.edf,recordings/public/SSVEP_MAMEM/sidecar_json/dataset3/U001aii.json,https://physionet.org/files/mssvepdb/1.0.0/dataset3/U001aii.dat,2025-10-09T04:11:42.092368+00:00
dataset3,U001bi,recordings/public/SSVEP_MAMEM/edf/dataset3/U001bi.edf,recordings/public/SSVEP_MAMEM/sidecar_json/dataset3/U001bi.json,https://physionet.org/files/mssvepdb/1.0.0/dataset3/U001bi.dat,2025-10-09T04:11:42.153510+00:00
dataset3,U001bii,recordings/public/SSVEP_MAMEM/edf/dataset3/U001bii.edf,recordings/public/SSVEP_MAMEM/sidecar_json/dataset3/U001bii.json,https://physionet.org/files/mssvepdb/1.0.0/dataset3/U001bii.dat,2025-10-09T04:11:42.202879+00:00
dataset3,U001ci,recordings/public/SSVEP_MAMEM/edf/dataset3/U001ci.edf,recordings/public/SSVEP_MAMEM/sidecar_json/dataset3/U001ci.json,https://physionet.org/files/mssvepdb/1.0.0/dataset3/U001ci.dat,2025-10-09T04:11:42.255512+00:00
dataset3,U001cii,recordings/public/SSVEP_MAMEM/edf/dataset3/U001cii.edf,recordings/public/SSVEP_MAMEM/sidecar_json/dataset3/U001cii.json,https://physionet.org/files/mssvepdb/1.0.0/dataset3/U001cii.dat,2025-10-09T04:11:42.307690+00:00
dataset3,U001di,recordings/public/SSVEP_MAMEM/edf/dataset3/U001di.edf,recordings/public/SSVEP_MAMEM/sidecar_json/dataset3/U001di.json,https://physionet.org/files/mssvepdb/1.0.0/dataset3/U001di.dat,2025-10-09T04:11:42.356831+00:00
dataset3,U001dii,recordings/public/SSVEP_MAMEM/edf/dataset3/U001dii.edf,recordings/public/SSVEP_MAMEM/sidecar_json/dataset3/U001dii.json,https://physionet.org/files/mssvepdb/1.0.0/dataset3/U001dii.dat,2025-10-09T04:11:42.405210+00:00
dataset3,U001ei,recordings/public/SSVEP_MAMEM/edf/dataset3/U001ei.edf,recordings/public/SSVEP_MAMEM/sidecar_json/dataset3/U001ei.json,https://physionet.org/files/mssvepdb/1.0.0/dataset3/U001ei.dat,2025-10-09T04:11:42.453900+00:00
dataset3,U001eii,recordings/public/SSVEP_MAMEM/edf/dataset3/U001eii.edf,recordings/public/SSVEP_MAMEM/sidecar_json/dataset3/U001eii.json,https://physionet.org/files/mssvepdb/1.0.0/dataset3/U001eii.dat,2025-10-09T04:11:42.518078+00:00
dataset3,U001x,recordings/public/SSVEP_MAMEM/edf/dataset3/U001x.edf,recordings/public/SSVEP_MAMEM/sidecar_json/dataset3/U001x.json,https://physionet.org/files/mssvepdb/1.0.0/dataset3/U001x.dat,2025-10-09T04:11:42.576750+00:00
dataset3,U002ai,recordings/public/SSVEP_MAMEM/edf/dataset3/U002ai.edf,recordings/public/SSVEP_MAMEM/sidecar_json/dataset3/U002ai.json,https://physionet.org/files/mssvepdb/1.0.0/dataset3/U002ai.dat,2025-10-09T04:11:42.623269+00:00
dataset3,U002aii,recordings/public/SSVEP_MAMEM/edf/dataset3/U002aii.edf,recordings/public/SSVEP_MAMEM/sidecar_json/dataset3/U002aii.json,https://physionet.org/files/mssvepdb/1.0.0/dataset3/U002aii.dat,2025-10-09T04:11:42.670278+00:00
dataset3,U002bi,recordings/public/SSVEP_MAMEM/edf/dataset3/U002bi.edf,recordings/public/SSVEP_MAMEM/sidecar_json/dataset3/U002bi.json,https://physionet.org/files/mssvepdb/1.0.0/dataset3/U002bi.dat,2025-10-09T04:11:42.726114+00:00
dataset3,U002bii,recordings/public/SSVEP_MAMEM/edf/dataset3/U002bii.edf,recordings/public/SSVEP_MAMEM/sidecar_json/dataset3/U002bii.json,https://physionet.org/files/mssvepdb/1.0.0/dataset3/U002bii.dat,2025-10-09T04:11:42.778174+00:00
dataset3,U002ci,recordings/public/SSVEP_MAMEM/edf/dataset3/U002ci.edf,recordings/public/SSVEP_MAMEM/sidecar_json/dataset3/U002ci.json,https://physionet.org/files/mssvepdb/1.0.0/dataset3/U002ci.dat,2025-10-09T04:11:42.824065+00:00
dataset3,U002cii,recordings/public/SSVEP_MAMEM/edf/dataset3/U002cii.edf,recordings/public/SSVEP_MAMEM/sidecar_json/dataset3/U002cii.json,https://physionet.org/files/mssvepdb/1.0.0/dataset3/U002cii.dat,2025-10-09T04:11:42.872439+00:00
dataset3,U002di,recordings/public/SSVEP_MAMEM/edf/dataset3/U002di.edf,recordings/public/SSVEP_MAMEM/sidecar_json/dataset3/U002di.json,https://physionet.org/files/mssvepdb/1.0.0/dataset3/U002di.dat,2025-10-09T04:11:42.916896+00:00
dataset3,U002dii,recordings/public/SSVEP_MAMEM/edf/dataset3/U002dii.edf,recordings/public/SSVEP_MAMEM/sidecar_json/dataset3/U002dii.json,https://physionet.org/files/mssvepdb/1.0.0/dataset3/U002dii.dat,2025-10-09T04:11:42.969873+00:00
dataset3,U002ei,recordings/public/SSVEP_MAMEM/edf/dataset3/U002ei.edf,recordings/public/SSVEP_MAMEM/sidecar_json/dataset3/U002ei.json,https://physionet.org/files/mssvepdb/1.0.0/dataset3/U002ei.dat,2025-10-09T04:11:43.020994+00:00
dataset3,U002eii,recordings/public/SSVEP_MAMEM/edf/dataset3/U002eii.edf,recordings/public/SSVEP_MAMEM/sidecar_json/dataset3/U002eii.json,https://physionet.org/files/mssvepdb/1.0.0/dataset3/U002eii.dat,2025-10-09T04:11:43.064432+00:00
dataset3,U002x,recordings/public/SSVEP_MAMEM/edf/dataset3/U002x.edf,recordings/public/SSVEP_MAMEM/sidecar_json/dataset3/U002x.json,https://physionet.org/files/mssvepdb/1.0.0/dataset3/U002x.dat,2025-10-09T04:11:43.109224+00:00
dataset3,U003ai,recordings/public/SSVEP_MAMEM/edf/dataset3/U003ai.edf,recordings/public/SSVEP_MAMEM/sidecar_json/dataset3/U003ai.json,https://physionet.org/files/mssvepdb/1.0.0/dataset3/U003ai.dat,2025-10-09T04:11:43.151289+00:00
dataset3,U003aii,recordings/public/SSVEP_MAMEM/edf/dataset3/U003aii.edf,recordings/public/SSVEP_MAMEM/sidecar_json/dataset3/U003aii.json,https://physionet.org/files/mssvepdb/1.0.0/dataset3/U003aii.dat,2025-10-09T04:11:43.199191+00:00
dataset3,U003bi,recordings/public/SSVEP_MAMEM/edf/dataset3/U003bi.edf,recordings/public/SSVEP_MAMEM/sidecar_json/dataset3/U003bi.json,https://physionet.org/files/mssvepdb/1.0.0/dataset3/U003bi.dat,2025-10-09T04:11:43.245125+00:00
dataset3,U003bii,recordings/public/SSVEP_MAMEM/edf/dataset3/U003bii.edf,recordings/public/SSVEP_MAMEM/sidecar_json/dataset3/U003bii.json,https://physionet.org/files/mssvepdb/1.0.0/dataset3/U003bii.dat,2025-10-09T04:11:43.287517+00:00
dataset3,U003ci,recordings/public/SSVEP_MAMEM/edf/dataset3/U003ci.edf,recordings/public/SSVEP_MAMEM/sidecar_json/dataset3/U003ci.json,https://physionet.org/files/mssvepdb/1.0.0/dataset3/U003ci.dat,2025-10-09T04:11:43.331164+00:00
dataset3,U003cii,recordings/public/SSVEP_MAMEM/edf/dataset3/U003cii.edf,recordings/public/SSVEP_MAMEM/sidecar_json/dataset3/U003cii.json,https://physionet.org/files/mssvepdb/1.0.0/dataset3/U003cii.dat,2025-10-09T04:11:43.374114+00:00
dataset3,U003di,recordings/public/SSVEP_MAMEM/edf/dataset3/U003di.edf,recordings/public/SSVEP_MAMEM/sidecar_json/dataset3/U003di.json,https://physionet.org/files/mssvepdb/1.0.0/dataset3/U003di.dat,2025-10-09T04:11:43.418891+00:00
dataset3,U003dii,recordings/public/SSVEP_MAMEM/edf/dataset3/U003dii.edf,recordings/public/SSVEP_MAMEM/sidecar_json/dataset3/U003dii.json,https://physionet.org/files/mssvepdb/1.0.0/dataset3/U003dii.dat,2025-10-09T04:11:43.462211+00:00
dataset3,U003ei,recordings/public/SSVEP_MAMEM/edf/dataset3/U003ei.edf,recordings/public/SSVEP_MAMEM/sidecar_json/dataset3/U003ei.json,https://physionet.org/files/mssvepdb/1.0.0/dataset3/U003ei.dat,2025-10-09T04:11:43.508907+00:00
dataset3,U003eii,recordings/public/SSVEP_MAMEM/edf/dataset3/U003eii.edf,recordings/public/SSVEP_MAMEM/sidecar_json/dataset3/U003eii.json,https://physionet.org/files/mssvepdb/1.0.0/dataset3/U003eii.dat,2025-10-09T04:11:43.553056+00:00
dataset3,U003x,recordings/public/SSVEP_MAMEM/edf/dataset3/U003x.edf,recordings/public/SSVEP_MAMEM/sidecar_json/dataset3/U003x.json,https://physionet.org/files/mssvepdb/1.0.0/dataset3/U003x.dat,2025-10-09T04:11:43.591803+00:00
dataset3,U004ai,recordings/public/SSVEP_MAMEM/edf/dataset3/U004ai.edf,recordings/public/SSVEP_MAMEM/sidecar_json/dataset3/U004ai.json,https://physionet.org/files/mssvepdb/1.0.0/dataset3/U004ai.dat,2025-10-09T04:11:43.635250+00:00
dataset3,U004aii,recordings/public/SSVEP_MAMEM/edf/dataset3/U004aii.edf,recordings/public/SSVEP_MAMEM/sidecar_json/dataset3/U004aii.json,https://physionet.org/files/mssvepdb/1.0.0/dataset3/U004aii.dat,2025-10-09T04:11:43.686937+00:00
dataset3,U004bi,recordings/public/SSVEP_MAMEM/edf/dataset3/U004bi.edf,recordings/public/SSVEP_MAMEM/sidecar_json/dataset3/U004bi.json,https://physionet.org/files/mssvepdb/1.0.0/dataset3/U004bi.dat,2025-10-09T04:11:43.740547+00:00
dataset3,U004bii,recordings/public/SSVEP_MAMEM/edf/dataset3/U004bii.edf,recordings/public/SSVEP_MAMEM/sidecar_json/dataset3/U004bii.json,https://physionet.org/files/mssvepdb/1.0.0/dataset3/U004bii.dat,2025-10-09T04:11:43.788518+00:00
dataset3,U004ci,recordings/public/SSVEP_MAMEM/edf/dataset3/U004ci.edf,recordings/public/SSVEP_MAMEM/sidecar_json/dataset3/U004ci.json,https://physionet.org/files/mssvepdb/1.0.0/dataset3/U004ci.dat,2025-10-09T04:11:43.832462+00:00
dataset3,U004cii,recordings/public/SSVEP_MAMEM/edf/dataset3/U004cii.edf,recordings/public/SSVEP_MAMEM/sidecar_json/dataset3/U004cii.json,https://physionet.org/files/mssvepdb/1.0.0/dataset3/U004cii.dat,2025-10-09T04:11:43.877346+00:00
dataset3,U004di,recordings/public/SSVEP_MAMEM/edf/dataset3/U004di.edf,recordings/public/SSVEP_MAMEM/sidecar_json/dataset3/U004di.json,https://physionet.org/files/mssvepdb/1.0.0/dataset3/U004di.dat,2025-10-09T04:11:43.920814+00:00
dataset3,U004dii,recordings/public/SSVEP_MAMEM/edf/dataset3/U004dii.edf,recordings/public/SSVEP_MAMEM/sidecar_json/dataset3/U004dii.json,https://physionet.org/files/mssvepdb/1.0.0/dataset3/U004dii.dat,2025-10-09T04:11:43.964650+00:00
dataset3,U004ei,recordings/public/SSVEP_MAMEM/edf/dataset3/U004ei.edf,recordings/public/SSVEP_MAMEM/sidecar_json/dataset3/U004ei.json,https://physionet.org/files/mssvepdb/1.0.0/dataset3/U004ei.dat,2025-10-09T04:11:44.010018+00:00
dataset3,U004eii,recordings/public/SSVEP_MAMEM/edf/dataset3/U004eii.edf,recordings/public/SSVEP_MAMEM/sidecar_json/dataset3/U004eii.json,https://physionet.org/files/mssvepdb/1.0.0/dataset3/U004eii.dat,2025-10-09T04:11:44.053147+00:00
dataset3,U004x,recordings/public/SSVEP_MAMEM/edf/dataset3/U004x.edf,recordings/public/SSVEP_MAMEM/sidecar_json/dataset3/U004x.json,https://physionet.org/files/mssvepdb/1.0.0/dataset3/U004x.dat,2025-10-09T04:11:44.095991+00:00
dataset3,U005ai,recordings/public/SSVEP_MAMEM/edf/dataset3/U005ai.edf,recordings/public/SSVEP_MAMEM/sidecar_json/dataset3/U005ai.json,https://physionet.org/files/mssvepdb/1.0.0/dataset3/U005ai.dat,2025-10-09T04:11:44.139416+00:00
dataset3,U005aii,recordings/public/SSVEP_MAMEM/edf/dataset3/U005aii.edf,recordings/public/SSVEP_MAMEM/sidecar_json/dataset3/U005aii.json,https://physionet.org/files/mssvepdb/1.0.0/dataset3/U005aii.dat,2025-10-09T04:11:44.182612+00:00
dataset3,U005bi,recordings/public/SSVEP_MAMEM/edf/dataset3/U005bi.edf,recordings/public/SSVEP_MAMEM/sidecar_json/dataset3/U005bi.json,https://physionet.org/files/mssvepdb/1.0.0/dataset3/U005bi.dat,2025-10-09T04:11:44.228654+00:00
dataset3,U005bii,recordings/public/SSVEP_MAMEM/edf/dataset3/U005bii.edf,recordings/public/SSVEP_MAMEM/sidecar_json/dataset3/U005bii.json,https://physionet.org/files/mssvepdb/1.0.0/dataset3/U005bii.dat,2025-10-09T04:11:44.274030+00:00
dataset3,U005ci,recordings/public/SSVEP_MAMEM/edf/dataset3/U005ci.edf,recordings/public/SSVEP_MAMEM/sidecar_json/dataset3/U005ci.json,https://physionet.org/files/mssvepdb/1.0.0/dataset3/U005ci.dat,2025-10-09T04:11:44.317941+00:00
dataset3,U005cii,recordings/public/SSVEP_MAMEM/edf/dataset3/U005cii.edf,recordings/public/SSVEP_MAMEM/sidecar_json/dataset3/U005cii.json,https://physionet.org/files/mssvepdb/1.0.0/dataset3/U005cii.dat,2025-10-09T04:11:44.361877+00:00
dataset3,U005di,recordings/public/SSVEP_MAMEM/edf/dataset3/U005di.edf,recordings/public/SSVEP_MAMEM/sidecar_json/dataset3/U005di.json,https://physionet.org/files/mssvepdb/1.0.0/dataset3/U005di.dat,2025-10-09T04:11:44.406405+00:00
dataset3,U005dii,recordings/public/SSVEP_MAMEM/edf/dataset3/U005dii.edf,recordings/public/SSVEP_MAMEM/sidecar_json/dataset3/U005dii.json,https://physionet.org/files/mssvepdb/1.0.0/dataset3/U005dii.dat,2025-10-09T04:11:44.450786+00:00
dataset3,U005ei,recordings/public/SSVEP_MAMEM/edf/dataset3/U005ei.edf,recordings/public/SSVEP_MAMEM/sidecar_json/dataset3/U005ei.json,https://physionet.org/files/mssvepdb/1.0.0/dataset3/U005ei.dat,2025-10-09T04:11:44.495249+00:00
dataset3,U005eii,recordings/public/SSVEP_MAMEM/edf/dataset3/U005eii.edf,recordings/public/SSVEP_MAMEM/sidecar_json/dataset3/U005eii.json,https://physionet.org/files/mssvepdb/1.0.0/dataset3/U005eii.dat,2025-10-09T04:11:44.539615+00:00
dataset3,U005x,recordings/public/SSVEP_MAMEM/edf/dataset3/U005x.edf,recordings/public/SSVEP_MAMEM/sidecar_json/dataset3/U005x.json,https://physionet.org/files/mssvepdb/1.0.0/dataset3/U005x.dat,2025-10-09T04:11:44.582068+00:00
dataset3,U006ai,recordings/public/SSVEP_MAMEM/edf/dataset3/U006ai.edf,recordings/public/SSVEP_MAMEM/sidecar_json/dataset3/U006ai.json,https://physionet.org/files/mssvepdb/1.0.0/dataset3/U006ai.dat,2025-10-09T04:11:44.627002+00:00
dataset3,U006aii,recordings/public/SSVEP_MAMEM/edf/dataset3/U006aii.edf,recordings/public/SSVEP_MAMEM/sidecar_json/dataset3/U006aii.json,https://physionet.org/files/mssvepdb/1.0.0/dataset3/U006aii.dat,2025-10-09T04:11:44.671443+00:00
dataset3,U006bi,recordings/public/SSVEP_MAMEM/edf/dataset3/U006bi.edf,recordings/public/SSVEP_MAMEM/sidecar_json/dataset3/U006bi.json,https://physionet.org/files/mssvepdb/1.0.0/dataset3/U006bi.dat,2025-10-09T04:11:44.713938+00:00
dataset3,U006bii,recordings/public/SSVEP_MAMEM/edf/dataset3/U006bii.edf,recordings/public/SSVEP_MAMEM/sidecar_json/dataset3/U006bii.json,https://physionet.org/files/mssvepdb/1.0.0/dataset3/U006bii.dat,2025-10-09T04:11:44.757568+00:00
dataset3,U006ci,recordings/public/SSVEP_MAMEM/edf/dataset3/U006ci.edf,recordings/public/SSVEP_MAMEM/sidecar_json/dataset3/U006ci.json,https://physionet.org/files/mssvepdb/1.0.0/dataset3/U006ci.dat,2025-10-09T04:11:44.802807+00:00
dataset3,U006cii,recordings/public/SSVEP_MAMEM/edf/dataset3/U006cii.edf,recordings/public/SSVEP_MAMEM/sidecar_json/dataset3/U006cii.json,https://physionet.org/files/mssvepdb/1.0.0/dataset3/U006cii.dat,2025-10-09T04:11:44.849565+00:00
dataset3,U006di,recordings/public/SSVEP_MAMEM/edf/dataset3/U006di.edf,recordings/public/SSVEP_MAMEM/sidecar_json/dataset3/U006di.json,https://physionet.org/files/mssvepdb/1.0.0/dataset3/U006di.dat,2025-10-09T04:11:44.896216+00:00
dataset3,U006dii,recordings/public/SSVEP_MAMEM/edf/dataset3/U006dii.edf,recordings/public/SSVEP_MAMEM/sidecar_json/dataset3/U006dii.json,https://physionet.org/files/mssvepdb/1.0.0/dataset3/U006dii.dat,2025-10-09T04:11:44.940851+00:00
dataset3,U006ei,recordings/public/SSVEP_MAMEM/edf/dataset3/U006ei.edf,recordings/public/SSVEP_MAMEM/sidecar_json/dataset3/U006ei.json,https://physionet.org/files/mssvepdb/1.0.0/dataset3/U006ei.dat,2025-10-09T04:11:44.986545+00:00
dataset3,U006eii,recordings/public/SSVEP_MAMEM/edf/dataset3/U006eii.edf,recordings/public/SSVEP_MAMEM/sidecar_json/dataset3/U006eii.json,https://physionet.org/files/mssvepdb/1.0.0/dataset3/U006eii.dat,2025-10-09T04:11:45.038673+00:00
dataset3,U006x,recordings/public/SSVEP_MAMEM/edf/dataset3/U006x.edf,recordings/public/SSVEP_MAMEM/sidecar_json/dataset3/U006x.json,https://physionet.org/files/mssvepdb/1.0.0/dataset3/U006x.dat,2025-10-09T04:11:45.081468+00:00
dataset3,U007ai,recordings/public/SSVEP_MAMEM/edf/dataset3/U007ai.edf,recordings/public/SSVEP_MAMEM/sidecar_json/dataset3/U007ai.json,https://physionet.org/files/mssvepdb/1.0.0/dataset3/U007ai.dat,2025-10-09T04:11:45.126491+00:00
dataset3,U007aii,recordings/public/SSVEP_MAMEM/edf/dataset3/U007aii.edf,recordings/public/SSVEP_MAMEM/sidecar_json/dataset3/U007aii.json,https://physionet.org/files/mssvepdb/1.0.0/dataset3/U007aii.dat,2025-10-09T04:11:45.170848+00:00
dataset3,U007bi,recordings/public/SSVEP_MAMEM/edf/dataset3/U007bi.edf,recordings/public/SSVEP_MAMEM/sidecar_json/dataset3/U007bi.json,https://physionet.org/files/mssvepdb/1.0.0/dataset3/U007bi.dat,2025-10-09T04:11:45.215063+00:00
dataset3,U007bii,recordings/public/SSVEP_MAMEM/edf/dataset3/U007bii.edf,recordings/public/SSVEP_MAMEM/sidecar_json/dataset3/U007bii.json,https://physionet.org/files/mssvepdb/1.0.0/dataset3/U007bii.dat,2025-10-09T04:11:45.262960+00:00
dataset3,U007ci,recordings/public/SSVEP_MAMEM/edf/dataset3/U007ci.edf,recordings/public/SSVEP_MAMEM/sidecar_json/dataset3/U007ci.json,https://physionet.org/files/mssvepdb/1.0.0/dataset3/U007ci.dat,2025-10-09T04:11:45.307257+00:00
dataset3,U007cii,recordings/public/SSVEP_MAMEM/edf/dataset3/U007cii.edf,recordings/public/SSVEP_MAMEM/sidecar_json/dataset3/U007cii.json,https://physionet.org/files/mssvepdb/1.0.0/dataset3/U007cii.dat,2025-10-09T04:11:45.352536+00:00
dataset3,U007di,recordings/public/SSVEP_MAMEM/edf/dataset3/U007di.edf,recordings/public/SSVEP_MAMEM/sidecar_json/dataset3/U007di.json,https://physionet.org/files/mssvepdb/1.0.0/dataset3/U007di.dat,2025-10-09T04:11:45.395493+00:00
dataset3,U007dii,recordings/public/SSVEP_MAMEM/edf/dataset3/U007dii.edf,recordings/public/SSVEP_MAMEM/sidecar_json/dataset3/U007dii.json,https://physionet.org/files/mssvepdb/1.0.0/dataset3/U007dii.dat,2025-10-09T04:11:45.443664+00:00
dataset3,U007ei,recordings/public/SSVEP_MAMEM/edf/dataset3/U007ei.edf,recordings/public/SSVEP_MAMEM/sidecar_json/dataset3/U007ei.json,https://physionet.org/files/mssvepdb/1.0.0/dataset3/U007ei.dat,2025-10-09T04:11:45.486326+00:00
dataset3,U007eii,recordings/public/SSVEP_MAMEM/edf/dataset3/U007eii.edf,recordings/public/SSVEP_MAMEM/sidecar_json/dataset3/U007eii.json,https://physionet.org/files/mssvepdb/1.0.0/dataset3/U007eii.dat,2025-10-09T04:11:45.530749+00:00
dataset3,U007x,recordings/public/SSVEP_MAMEM/edf/dataset3/U007x.edf,recordings/public/SSVEP_MAMEM/sidecar_json/dataset3/U007x.json,https://physionet.org/files/mssvepdb/1.0.0/dataset3/U007x.dat,2025-10-09T04:11:45.573148+00:00
dataset3,U008ai,recordings/public/SSVEP_MAMEM/edf/dataset3/U008ai.edf,recordings/public/SSVEP_MAMEM/sidecar_json/dataset3/U008ai.json,https://physionet.org/files/mssvepdb/1.0.0/dataset3/U008ai.dat,2025-10-09T04:11:45.617597+00:00
dataset3,U008aii,recordings/public/SSVEP_MAMEM/edf/dataset3/U008aii.edf,recordings/public/SSVEP_MAMEM/sidecar_json/dataset3/U008aii.json,https://physionet.org/files/mssvepdb/1.0.0/dataset3/U008aii.dat,2025-10-09T04:11:45.659818+00:00
dataset3,U008bi,recordings/public/SSVEP_MAMEM/edf/dataset3/U008bi.edf,recordings/public/SSVEP_MAMEM/sidecar_json/dataset3/U008bi.json,https://physionet.org/files/mssvepdb/1.0.0/dataset3/U008bi.dat,2025-10-09T04:11:45.708061+00:00
dataset3,U008bii,recordings/public/SSVEP_MAMEM/edf/dataset3/U008bii.edf,recordings/public/SSVEP_MAMEM/sidecar_json/dataset3/U008bii.json,https://physionet.org/files/mssvepdb/1.0.0/dataset3/U008bii.dat,2025-10-09T04:11:45.752427+00:00
dataset3,U008ci,recordings/public/SSVEP_MAMEM/edf/dataset3/U008ci.edf,recordings/public/SSVEP_MAMEM/sidecar_json/dataset3/U008ci.json,https://physionet.org/files/mssvepdb/1.0.0/dataset3/U008ci.dat,2025-10-09T04:11:45.823229+00:00
dataset3,U008cii,recordings/public/SSVEP_MAMEM/edf/dataset3/U008cii.edf,recordings/public/SSVEP_MAMEM/sidecar_json/dataset3/U008cii.json,https://physionet.org/files/mssvepdb/1.0.0/dataset3/U008cii.dat,2025-10-09T04:11:45.881795+00:00
dataset3,U008di,recordings/public/SSVEP_MAMEM/edf/dataset3/U008di.edf,recordings/public/SSVEP_MAMEM/sidecar_json/dataset3/U008di.json,https://physionet.org/files/mssvepdb/1.0.0/dataset3/U008di.dat,2025-10-09T04:11:45.928406+00:00
dataset3,U008dii,recordings/public/SSVEP_MAMEM/edf/dataset3/U008dii.edf,recordings/public/SSVEP_MAMEM/sidecar_json/dataset3/U008dii.json,https://physionet.org/files/mssvepdb/1.0.0/dataset3/U008dii.dat,2025-10-09T04:11:45.977024+00:00
dataset3,U008ei,recordings/public/SSVEP_MAMEM/edf/dataset3/U008ei.edf,recordings/public/SSVEP_MAMEM/sidecar_json/dataset3/U008ei.json,https://physionet.org/files/mssvepdb/1.0.0/dataset3/U008ei.dat,2025-10-09T04:11:46.032017+00:00
dataset3,U008eii,recordings/public/SSVEP_MAMEM/edf/dataset3/U008eii.edf,recordings/public/SSVEP_MAMEM/sidecar_json/dataset3/U008eii.json,https://physionet.org/files/mssvepdb/1.0.0/dataset3/U008eii.dat,2025-10-09T04:11:46.078857+00:00
dataset3,U008x,recordings/public/SSVEP_MAMEM/edf/dataset3/U008x.edf,recordings/public/SSVEP_MAMEM/sidecar_json/dataset3/U008x.json,https://physionet.org/files/mssvepdb/1.0.0/dataset3/U008x.dat,2025-10-09T04:11:46.119743+00:00
dataset3,U009ai,recordings/public/SSVEP_MAMEM/edf/dataset3/U009ai.edf,recordings/public/SSVEP_MAMEM/sidecar_json/dataset3/U009ai.json,https://physionet.org/files/mssvepdb/1.0.0/dataset3/U009ai.dat,2025-10-09T04:11:46.163856+00:00
dataset3,U009aii,recordings/public/SSVEP_MAMEM/edf/dataset3/U009aii.edf,recordings/public/SSVEP_MAMEM/sidecar_json/dataset3/U009aii.json,https://physionet.org/files/mssvepdb/1.0.0/dataset3/U009aii.dat,2025-10-09T04:11:46.207462+00:00
dataset3,U009bi,recordings/public/SSVEP_MAMEM/edf/dataset3/U009bi.edf,recordings/public/SSVEP_MAMEM/sidecar_json/dataset3/U009bi.json,https://physionet.org/files/mssvepdb/1.0.0/dataset3/U009bi.dat,2025-10-09T04:11:46.252875+00:00
dataset3,U009bii,recordings/public/SSVEP_MAMEM/edf/dataset3/U009bii.edf,recordings/public/SSVEP_MAMEM/sidecar_json/dataset3/U009bii.json,https://physionet.org/files/mssvepdb/1.0.0/dataset3/U009bii.dat,2025-10-09T04:11:46.297633+00:00
dataset3,U009ci,recordings/public/SSVEP_MAMEM/edf/dataset3/U009ci.edf,recordings/public/SSVEP_MAMEM/sidecar_json/dataset3/U009ci.json,https://physionet.org/files/mssvepdb/1.0.0/dataset3/U009ci.dat,2025-10-09T04:11:46.345724+00:00
dataset3,U009cii,recordings/public/SSVEP_MAMEM/edf/dataset3/U009cii.edf,recordings/public/SSVEP_MAMEM/sidecar_json/dataset3/U009cii.json,https://physionet.org/files/mssvepdb/1.0.0/dataset3/U009cii.dat,2025-10-09T04:11:46.391194+00:00
dataset3,U009di,recordings/public/SSVEP_MAMEM/edf/dataset3/U009di.edf,recordings/public/SSVEP_MAMEM/sidecar_json/dataset3/U009di.json,https://physionet.org/files/mssvepdb/1.0.0/dataset3/U009di.dat,2025-10-09T04:11:46.435448+00:00
dataset3,U009dii,recordings/public/SSVEP_MAMEM/edf/dataset3/U009dii.edf,recordings/public/SSVEP_MAMEM/sidecar_json/dataset3/U009dii.json,https://physionet.org/files/mssvepdb/1.0.0/dataset3/U009dii.dat,2025-10-09T04:11:46.481008+00:00
dataset3,U009ei,recordings/public/SSVEP_MAMEM/edf/dataset3/U009ei.edf,recordings/public/SSVEP_MAMEM/sidecar_json/dataset3/U009ei.json,https://physionet.org/files/mssvepdb/1.0.0/dataset3/U009ei.dat,2025-10-09T04:11:46.524223+00:00
dataset3,U009eii,recordings/public/SSVEP_MAMEM/edf/dataset3/U009eii.edf,recordings/public/SSVEP_MAMEM/sidecar_json/dataset3/U009eii.json,https://physionet.org/files/mssvepdb/1.0.0/dataset3/U009eii.dat,2025-10-09T04:11:46.570473+00:00
dataset3,U009x,recordings/public/SSVEP_MAMEM/edf/dataset3/U009x.edf,recordings/public/SSVEP_MAMEM/sidecar_json/dataset3/U009x.json,https://physionet.org/files/mssvepdb/1.0.0/dataset3/U009x.dat,2025-10-09T04:11:46.611372+00:00
dataset3,U010ai,recordings/public/SSVEP_MAMEM/edf/dataset3/U010ai.edf,recordings/public/SSVEP_MAMEM/sidecar_json/dataset3/U010ai.json,https://physionet.org/files/mssvepdb/1.0.0/dataset3/U010ai.dat,2025-10-09T04:11:46.655343+00:00
dataset3,U010aii,recordings/public/SSVEP_MAMEM/edf/dataset3/U010aii.edf,recordings/public/SSVEP_MAMEM/sidecar_json/dataset3/U010aii.json,https://physionet.org/files/mssvepdb/1.0.0/dataset3/U010aii.dat,2025-10-09T04:11:46.705366+00:00
dataset3,U010bi,recordings/public/SSVEP_MAMEM/edf/dataset3/U010bi.edf,recordings/public/SSVEP_MAMEM/sidecar_json/dataset3/U010bi.json,https://physionet.org/files/mssvepdb/1.0.0/dataset3/U010bi.dat,2025-10-09T04:11:46.751167+00:00
dataset3,U010bii,recordings/public/SSVEP_MAMEM/edf/dataset3/U010bii.edf,recordings/public/SSVEP_MAMEM/sidecar_json/dataset3/U010bii.json,https://physionet.org/files/mssvepdb/1.0.0/dataset3/U010bii.dat,2025-10-09T04:11:46.809364+00:00
dataset3,U010ci,recordings/public/SSVEP_MAMEM/edf/dataset3/U010ci.edf,recordings/public/SSVEP_MAMEM/sidecar_json/dataset3/U010ci.json,https://physionet.org/files/mssvepdb/1.0.0/dataset3/U010ci.dat,2025-10-09T04:11:46.851276+00:00
dataset3,U010cii,recordings/public/SSVEP_MAMEM/edf/dataset3/U010cii.edf,recordings/public/SSVEP_MAMEM/sidecar_json/dataset3/U010cii.json,https://physionet.org/files/mssvepdb/1.0.0/dataset3/U010cii.dat,2025-10-09T04:11:46.903373+00:00
dataset3,U010di,recordings/public/SSVEP_MAMEM/edf/dataset3/U010di.edf,recordings/public/SSVEP_MAMEM/sidecar_json/dataset3/U010di.json,https://physionet.org/files/mssvepdb/1.0.0/dataset3/U010di.dat,2025-10-09T04:11:46.953666+00:00
dataset3,U010dii,recordings/public/SSVEP_MAMEM/edf/dataset3/U010dii.edf,recordings/public/SSVEP_MAMEM/sidecar_json/dataset3/U010dii.json,https://physionet.org/files/mssvepdb/1.0.0/dataset3/U010dii.dat,2025-10-09T04:11:47.004955+00:00
dataset3,U010ei,recordings/public/SSVEP_MAMEM/edf/dataset3/U010ei.edf,recordings/public/SSVEP_MAMEM/sidecar_json/dataset3/U010ei.json,https://physionet.org/files/mssvepdb/1.0.0/dataset3/U010ei.dat,2025-10-09T04:11:47.070102+00:00
dataset3,U010eii,recordings/public/SSVEP_MAMEM/edf/dataset3/U010eii.edf,recordings/public/SSVEP_MAMEM/sidecar_json/dataset3/U010eii.json,https://physionet.org/files/mssvepdb/1.0.0/dataset3/U010eii.dat,2025-10-09T04:11:47.122207+00:00
dataset3,U010x,recordings/public/SSVEP_MAMEM/edf/dataset3/U010x.edf,recordings/public/SSVEP_MAMEM/sidecar_json/dataset3/U010x.json,https://physionet.org/files/mssvepdb/1.0.0/dataset3/U010x.dat,2025-10-09T04:11:47.168697+00:00
dataset3,U011ai,recordings/public/SSVEP_MAMEM/edf/dataset3/U011ai.edf,recordings/public/SSVEP_MAMEM/sidecar_json/dataset3/U011ai.json,https://physionet.org/files/mssvepdb/1.0.0/dataset3/U011ai.dat,2025-10-09T04:11:47.238315+00:00
dataset3,U011aii,recordings/public/SSVEP_MAMEM/edf/dataset3/U011aii.edf,recordings/public/SSVEP_MAMEM/sidecar_json/dataset3/U011aii.json,https://physionet.org/files/mssvepdb/1.0.0/dataset3/U011aii.dat,2025-10-09T04:11:47.321667+00:00
dataset3,U011bi,recordings/public/SSVEP_MAMEM/edf/dataset3/U011bi.edf,recordings/public/SSVEP_MAMEM/sidecar_json/dataset3/U011bi.json,https://physionet.org/files/mssvepdb/1.0.0/dataset3/U011bi.dat,2025-10-09T04:11:47.374047+00:00
dataset3,U011bii,recordings/public/SSVEP_MAMEM/edf/dataset3/U011bii.edf,recordings/public/SSVEP_MAMEM/sidecar_json/dataset3/U011bii.json,https://physionet.org/files/mssvepdb/1.0.0/dataset3/U011bii.dat,2025-10-09T04:11:47.435322+00:00
dataset3,U011ci,recordings/public/SSVEP_MAMEM/edf/dataset3/U011ci.edf,recordings/public/SSVEP_MAMEM/sidecar_json/dataset3/U011ci.json,https://physionet.org/files/mssvepdb/1.0.0/dataset3/U011ci.dat,2025-10-09T04:11:47.488831+00:00
dataset3,U011cii,recordings/public/SSVEP_MAMEM/edf/dataset3/U011cii.edf,recordings/public/SSVEP_MAMEM/sidecar_json/dataset3/U011cii.json,https://physionet.org/files/mssvepdb/1.0.0/dataset3/U011cii.dat,2025-10-09T04:11:47.539608+00:00
dataset3,U011di,recordings/public/SSVEP_MAMEM/edf/dataset3/U011di.edf,recordings/public/SSVEP_MAMEM/sidecar_json/dataset3/U011di.json,https://physionet.org/files/mssvepdb/1.0.0/dataset3/U011di.dat,2025-10-09T04:11:47.587279+00:00
dataset3,U011dii,recordings/public/SSVEP_MAMEM/edf/dataset3/U011dii.edf,recordings/public/SSVEP_MAMEM/sidecar_json/dataset3/U011dii.json,https://physionet.org/files/mssvepdb/1.0.0/dataset3/U011dii.dat,2025-10-09T04:11:47.634964+00:00
dataset3,U011ei,recordings/public/SSVEP_MAMEM/edf/dataset3/U011ei.edf,recordings/public/SSVEP_MAMEM/sidecar_json/dataset3/U011ei.json,https://physionet.org/files/mssvepdb/1.0.0/dataset3/U011ei.dat,2025-10-09T04:11:47.681515+00:00
dataset3,U011eii,recordings/public/SSVEP_MAMEM/edf/dataset3/U011eii.edf,recordings/public/SSVEP_MAMEM/sidecar_json/dataset3/U011eii.json,https://physionet.org/files/mssvepdb/1.0.0/dataset3/U011eii.dat,2025-10-09T04:11:47.730830+00:00
dataset3,U011x,recordings/public/SSVEP_MAMEM/edf/dataset3/U011x.edf,recordings/public/SSVEP_MAMEM/sidecar_json/dataset3/U011x.json,https://physionet.org/files/mssvepdb/1.0.0/dataset3/U011x.dat,2025-10-09T04:11:47.791398+00:00
